{"cameraMode":{"drawMode":0,"name":"Shaded","section":"Shading Mode"},"sceneLighting":false,"audioPlay":false,"sceneViewState":{"showFog":true,"showMaterialUpdate":false,"showSkybox":false,"showFlares":true,"showImageEffects":true,"showParticleSystems":true},"in2DMode":false,"pivot":{"x":-0.01301431655883789,"y":1.4531747102737427,"z":0.8580524921417236},"rotation":{"x":0.013302081264555455,"y":-0.944573163986206,"z":0.038569267839193347,"w":0.3257634937763214},"size":5.883903980255127,"orthographic":false}